name                     , genotype        , active_params, FLOPs        , throughput_img_per_sec, loss              , top1  , top5
max_all_attention        , AAAAAAAAAAAAAAAA,     33.649048, 540.288057344,     1169.707658117737 , 0.8140416041564942, 81.62 , 95.674
mid_all_mamba            , MMMMMMMMMMMMMMMM,     28.794408, 461.933215744,     2049.0834635119527, 1.2443162197494506, 80.248, 94.876
min_all_conv             , CCCCCCCCCCCCCCCC,     48.854088, 786.913132544,     3089.1622415908696, 1.427801845703125 , 75.856, 92.892
mambavision_tiny_original, CCCCMMMMAAAAMMAA,     31.794248, 572.400697344,     2407.0466578079204, 0.9637010676574707, 80.046, 94.852
conv_stem_mamba_tail     , CCCCMMMMMMMMMMMM,     29.444168, 542.857068544,     2524.153717395032 , 1.2620659051895142, 79.38 , 94.5
conv_stem_attention_tail , CCCCAAAAAAAAAAAA,     34.144328, 601.944326144,     2292.356449357804 , 0.9026993159103394, 80.408, 95.178
original_stage3_attention, CCCCMMMMAAAAAAAA,     33.366088, 582.291390464,     2397.2558439681884, 0.9170752880859375, 80.46 , 95.06
original_stage2_mamba    , CCCCMMMMMMMMMMAA,     31.016008, 552.747761664,     2521.5140480928426, 1.0423420721817016, 79.536, 94.554
